Name,Email,LinkedIn,Company,Role,Industry,Location
John Carter,captainamericahoonmain@gmail.com,https://linkedin.com/in/johncarter,Tesla,Electrical Engineer,Automotive,USA
Sarah Lee,captainamericahoonmain@gmail.com,https://linkedin.com/in/sarahlee,Google,Product Manager,Technology,USA
Michael Brown,captainamericahoonmain@gmail.com,,Amazon,Data Analyst,E-commerce,USA
Emily Davis,captainamericahoonmain@gmail.com,https://linkedin.com/in/emilydavis,Microsoft,Software Engineer,Technology,USA
David Wilson,captainamericahoonmain@gmail.com,https://linkedin.com/in/davidwilson,Meta,Backend Engineer,Technology,USA
Sophia Martinez,captainamericahoonmain@gmail.com,,Netflix,Content Strategist,Entertainment,USA
Daniel Anderson,captainamericahoonmain@gmail.com,https://linkedin.com/in/danielanderson,IBM,Cloud Architect,Technology,USA
Olivia Thomas,captainamericahoonmain@gmail.com,https://linkedin.com/in/oliviathomas,Adobe,UX Designer,Technology,USA
James Taylor,captainamericahoonmain@gmail.com,,Oracle,Database Engineer,Technology,USA
Isabella Moore,captainamericahoonmain@gmail.com,https://linkedin.com/in/isabellamoore,Intel,Hardware Engineer,Semiconductors,USA
William Jackson,captainamericahoonmain@gmail.com,https://linkedin.com/in/williamjackson,Apple,iOS Developer,Technology,USA
Mia White,captainamericahoonmain@gmail.com,,Spotify,Marketing Manager,Music,USA
Benjamin Harris,captainamericahoonmain@gmail.com,https://linkedin.com/in/benharris,Salesforce,Sales Manager,SaaS,USA
Charlotte Martin,captainamericahoonmain@gmail.com,https://linkedin.com/in/charlottemartin,Uber,Operations Manager,Transportation,USA
Lucas Thompson,captainamericahoonmain@gmail.com,,Airbnb,Business Analyst,Hospitality,USA
Amelia Garcia,captainamericahoonmain@gmail.com,https://linkedin.com/in/ameliagarcia,Stripe,Fintech Engineer,Finance,USA
Henry Clark,captainamericahoonmain@gmail.com,https://linkedin.com/in/henryclark,Nvidia,AI Researcher,Semiconductors,USA
Evelyn Rodriguez,captainamericahoonmain@gmail.com,,PayPal,Security Engineer,Finance,USA
Alexander Lewis,captainamericahoonmain@gmail.com,https://linkedin.com/in/alexlewis,LinkedIn,Data Scientist,Technology,USA
Harper Walker,captainamericahoonmain@gmail.com,https://linkedin.com/in/harperwalker,Shopify,E-commerce Manager,E-commerce,USA
Rahul Sharma,captainamericahoonmain@gmail.com,,TechCorp Inc.,CTO,Technology,India
Priya Mehta,captainamericahoonmain@gmail.com,,InnovateX,VP Sales,Startup,India
James Walker,captainamericahoonmain@gmail.com,,Globex Ltd,Director,Mid-Market,UK
Sara Kim,captainamericahoonmain@gmail.com,,Nexus Health,Founder,Healthcare,USA